sentence_num,sentence,word,llama_prob
1,'Henry was surprised to find he wouldn't be promoted for his day to day performance, but needed a major',raise,-4.998872756958008
2,'The cigar burned a hole in the',couch,-4.368799209594727
3,'His first film was a failure, but he learned some techniques in that first',try,-5.093740940093994
4,'He was hired for the job because of his fresh new',look,-2.0530433654785156
5,'The journal issue that has the new article about diseases of the eye is still in',print,-2.6718339920043945
6,'Every spring they held the annual',ball,-7.339534759521484
7,'Penelope started to assemble her new bicycle, but was missing the',wheels,-4.7346038818359375
8,'The restaurant will reopen with new',management,-3.1175594329833984
9,'Jennifer disliked walking under the trees at the edge of the park because they were always full of',bugs,-2.689431667327881
10,'The painting had a strong impact on everyone, but they couldn't agree on whether it was ugly or',pretty,-4.007496356964111
11,'I don't know why people like to see their initials in',print,-2.990715265274048
12,'The gem cutter examined the ruby very closely before cutting because he knew that one this large was very',rare,-2.3072943687438965
13,'They couldn't decide whether to visit the Roman fort or the ruins of Aphrodite's',temple,-0.7709318995475769
14,'He took a job training dogs for the',police,-1.8825790882110596
15,'The conductor gave detailed instructions to the',orchestra,-1.5939489603042603
16,'Down in the basement, Steve and Robert were playing',cards,-4.182204246520996
17,'After the most recent price increase, the small business owner decided to order his office supplies from another',company,-2.0115909576416016
18,'Sharon was sad that she had lost her',dog,-4.570487976074219
19,'All of armed services will admit women, but females are barred from',combat,-3.3196616172790527
20,'After the divorce, she had to move out of the expensive house to an apartment that was',cheap,-4.753892421722412
21,'His tactics usually turned out to be beneficial for the business, but they often came in conflict with his',morals,-4.749678134918213
22,'Some of his jokes were crummy, but those one-liners were',hilarious,-4.340642929077148
23,'The inspector from the health department found a roach in a very expensive',restaurant,-4.624892234802246
24,'The conductor had no idea that the train had been boarded by a known',felon,-5.071919918060303
25,'The nurse brought him a glass of juice and his',medicine,-6.263954162597656
26,'The teacher was not looking forward to another year of',school,-3.793355703353882
27,'Steve skipped his annual checkup for another',year,-1.493613839149475
28,'The candidate wanted to please everyone without making any commitments, so his speech was deliberately',vague,-0.6518840193748474
29,'She poured water on the',plants,-6.592450141906738
30,'Mark liked the older houses, but Susan wanted to buy one that was new and',modern,-1.4132198095321655
31,'In an old sitcom, he was the wise family',doctor,-5.082698345184326
32,'The government controlled the news media, so most of the reports from the war zone were',censored,-4.522540786769241
33,'Grinning wherever he went, it was easy to tell that Carl was proud of his new gold',medal,-2.309744358062744
34,'During the summer, the children hung out at the',pool,-1.8338019847869873
35,'The handsome knight charged into the dark forest after the kidnapped princess, determined to prove that he could be',heroic,-6.38909912109375
36,'The little girl kept a lock on her',diary,-5.908267021179199
37,'Flying low above her, Bernice could hear the',plane,-6.016463279724121
38,'Perry heard a grinding noise coming from his',car,-2.4987878799438477
39,'If Jim's manager is incompetent, he has a legitimate right to',complain,-2.4658474922180176
40,'In the best part of the movie, the hero has to impersonate the',villain,-1.8800240755081177
41,'The princess wore a',crown,-4.0771074295043945
42,'Jason was disappointed when the other scouts scared off the elk by loudly beating the',drum,-2.476606607437134
43,'After the flood, the house smelled of mildew and everything in it was',ruined,-2.9500293731689453
44,'Everyone on the scene gathered around to look at the',accident,-5.273585319519043
45,'The final score of the game was',tied,-5.19972038269043
46,'After swimming the English Channel, Bonita was cold and completely',exhausted,-1.276456356048584
47,'She had the data to back up everything she said, so the hostile questions did not shake her',confidence,-1.4045608043670654
48,'The new dress was very pretty, but it was cut from an unusual',fabric,-0.8350225687026978
49,'When the little girl saw the big dog lumbering towards her, she began to',run,-2.6516871452331543
50,'From her house a half mile away, Diana could still hear the loud cheers coming from the',stadium,-2.7124876976013184
51,'Five ships did not survive the',storm,-3.039278984069824
52,'The paramedics on the scene helped the passengers after the big car',accident,-1.814666509628296
53,'The pilot spoke to an air traffic controller just before the',crash,-2.4311771392822266
54,'The boy scouts started a long hike through the forest after having a big',lunch,-2.6596434116363525
55,'When traveling, Roger prefers to stick to major',roads,-2.3015520572662354
56,'While hemming a pair of pants, Bridget accidentally dropped her',needle,-2.2548670768737793
57,'The rangers say that somewhere in the state park is a',bear,-5.124491214752197
58,'The doctor told him his headaches were due to',stress,-2.3196041584014893
59,'The groups in the parade walked by slowly, each waving their',hands,-3.52467942237854
60,'The little girl was very sick, but unfortunately there was no',cure,-2.707918643951416
61,'The meteor shower should have been spectacular, but the city lights blocked the',view,-0.9929696321487427
62,'She was unsure how the book would',end,-3.4121904373168945
63,'He was desperate for a job, so finally took something doing door to door',sales,-2.1569104194641113
64,'The young doctor wanted to work in the barrio so she set to work learning the Spanish translations of common medical',terms,-0.5287105441093445
65,'Even though she was blindfolded, Jessie could tell from their voices that one of the kidnapers was old and two were',young,-0.5838034749031067
66,'In the window, they posted the hours they were open for',business,-2.4093265533447266
67,'They sent the kids with measles home from school because they were',contagious,-4.65646505355835
68,'Outside, Cora could hear the running',water,-0.6401219964027405
69,'At night they often took a short',walk,-1.2880871295928955
70,'The wealthy author always points out that she wrote four novels before one was',published,-0.6082309484481812
71,'The kitten waited patiently because behind the refrigerator was a',mouse,-5.070756912231445
72,'Norton hates getting up on winter mornings because it is always',cold,-1.4831104278564453
73,'The fertilizer enriched the',soil,-1.1237390041351318
74,'The young girl passed her friend a',note,-2.7042157649993896
75,'He tinkered with the engine every weekend until it was absolutely',perfect,-0.5408423542976379
76,'When Diane heard the shark warning, she swam as fast as she could for',shore,-2.7819418907165527
77,'Michael could hear the bells ringing in the tower of the',church,-1.3144495487213135
78,'When he got home from work on the construction site, his clothes were always',dirty,-1.9973669052124023
79,'Kevin propped his head up with a pillow as he basked in the hot',sun,-1.1837027072906494
80,'He bought it without even asking the',price,-1.8158706426620483
81,'Barry has considered proposing to his girlfriend, but he wants to wait until he is',ready,-3.2109375
82,'John was disappointed to discover a scratch on his new',car,-1.8417418003082275
83,'He was afraid that doing drugs would damage his',brain,-2.5307507514953613
84,'They've been living together for a long time, but don't think they're actually',married,-1.7141917943954468
85,'Dennis the Menance was known for making',trouble,-7.603213787078857
86,'When the shooting started they ran for',cover,-1.1422282457351685
87,'The federal agents examined the hundred dollar bill with a microscope to see if it was',real,-1.8874778747558594
88,'Eva turned down the heat and left the sauce on the stove to',simmer,-1.2058403491973877
89,'Alone in the canyon, he was so spooked he was scared by his own',shadow,-0.5839118361473083
90,'Betsy could never tell a',lie,-0.5677945613861084
91,'The bad boy was sent to his',room,-0.6006828546524048
92,'The Vietnam vet had received the Purple Heart, and when he took off his shirt you could see all of his',scars,-2.4749197959899902
93,'Trying to evade their captors, the escaped prisoners of war lived in constant',fear,-0.2688394784927368
94,'The tip of the knife was',sharp,-4.094491004943848
95,'The little girl pulled on the rubber band to see how far it would',stretch,-1.134547233581543
96,'The soldiers had special night vision goggles so they could see the',enemy,-2.166172504425049
97,'George was born into a wealthy family and has no idea what it's like to be',poor,-0.4748724102973938
98,'Looking for bats, Karen descended into the depths of the',cave,-2.8375816345214844
99,'We finally got a decent picture on the TV after an hour of adjusting the',antenna,-4.468003749847412
100,'It took a week to get his car fixed because the parts were out of',stock,-0.26227086782455444
101,'The dispute was settled by a third',party,-0.8182808756828308
102,'Our guests should be arriving',soon,-2.9545083045959473
103,'The dough was put in the hot',oven,-1.129364013671875
104,'Andrew was glad that the meeting was very',short,-0.8645632863044739
105,'When they came to Florida, Arthur couldn't see the swamp from the back of the crowded tour',bus,-0.0801832526922226
106,'Most shark attacks occur very close to',shore,-0.2815272808074951
107,'He didn't have to spend much money on the car because he found an incredible',deal,-0.5332276821136475
108,'The wealthy child went to a private',school,-0.4844912588596344
109,'When you go to bed, turn off the',lights,-0.9270459413528442
110,'George must keep his pet on a',leash,-0.4293578863143921
111,'He didn't have time to file everything on his desk, so he organized it into two',piles,-0.6293498277664185
112,'The whole town came to hear their mayor',speak,-1.6869004964828491
113,'Josie found she could not bend the elbow of her broken',arm,-0.5392776727676392
114,'It's hard to admit when one is',wrong,-0.23871561884880066
115,'Vic asked her to repeat what she had',said,-0.6458165645599365
116,'When they were in London they visited Buckingham',palace,-3.2075648307800293
117,'The agent was sent to South America on a secret',mission,-0.15443558990955353
118,'Sam knew that rain was coming because he could smell it in the',air,-0.11353398859500885
119,'His boss refused to give him a',raise,-1.3506598472595215
120,'She flew in late last night and really didn't get much',sleep,-0.34045371413230896
121,'After a week, they gave up on the missing hikers and called off the',search,-0.13717806339263916
122,'Henry was surprised to find he wouldn't be promoted for his day to day performance, but needed a major',bonus,-5.5638275146484375
123,'The cigar burned a hole in the',sofa,-4.716554641723633
124,'His first film was a failure, but he learned some techniques in that first',effort,-3.205507755279541
125,'He was hired for the job because of his fresh new',image,-5.559386253356934
126,'The journal issue that has the new article about diseases of the eye is still in',press,-1.7956992387771606
127,'Every spring they held the annual',dance,-6.195394515991211
128,'Penelope started to assemble her new bicycle, but was missing the',tires,-6.95969295501709
129,'The restaurant will reopen with new',ownership,-3.420024871826172
130,'Jennifer disliked walking under the trees at the edge of the park because they were always full of',insects,-3.444697856903076
131,'The painting had a strong impact on everyone, but they couldn't agree on whether it was ugly or',attractive,-5.295103549957275
132,'I don't know why people like to see their initials in',ink,-6.697797775268555
133,'The gem cutter examined the ruby very closely before cutting because he knew that one this large was very',unique,-4.998298168182373
134,'They couldn't decide whether to visit the Roman fort or the ruins of Aphrodite's',shrine,-5.16849946975708
135,'He took a job training dogs for the',military,-2.6006691455841064
136,'The conductor gave detailed instructions to the',choir,-3.3008179664611816
137,'Down in the basement, Steve and Robert were playing',poker,-4.879682540893555
138,'After the most recent price increase, the small business owner decided to order his office supplies from another',business,-4.305133819580078
139,'Sharon was sad that she had lost her',puppy,-6.171014785766602
140,'All of armed services will admit women, but females are barred from',fighting,-5.419003963470459
141,'After the divorce, she had to move out of the expensive house to an apartment that was',affordable,-3.238250255584717
142,'His tactics usually turned out to be beneficial for the business, but they often came in conflict with his',values,-3.9899792671203613
143,'Some of his jokes were crummy, but those one-liners were',humorous,-7.372193336486816
144,'The inspector from the health department found a roach in a very expensive',cafe,-8.945039749145508
145,'The conductor had no idea that the train had been boarded by a known',convict,-8.952079772949219
146,'The nurse brought him a glass of juice and his',pills,-7.017547607421875
147,'The teacher was not looking forward to another year of',classes,-5.262236595153809
148,'Steve skipped his annual checkup for another',month,-3.1316637992858887
149,'The candidate wanted to please everyone without making any commitments, so his speech was deliberately',ambiguous,-2.9274120330810547
150,'She poured water on the',roses,-6.823829650878906
151,'Mark liked the older houses, but Susan wanted to buy one that was new and',contemporary,-5.525465488433838
152,'In an old sitcom, he was the wise family',physician,-6.959813594818115
153,'The government controlled the news media, so most of the reports from the war zone were',screened,-9.638347625732422
154,'Grinning wherever he went, it was easy to tell that Carl was proud of his new gold',trophy,-4.346599102020264
155,'During the summer, the children hung out at the',lake,-3.8268535137176514
156,'The handsome knight charged into the dark forest after the kidnapped princess, determined to prove that he could be',courageous,-7.846410751342773
157,'The little girl kept a lock on her',journal,-7.77596378326416
158,'Flying low above her, Bernice could hear the',jet,-6.291531562805176
159,'Perry heard a grinding noise coming from his',engine,-2.7432260513305664
160,'If Jim's manager is incompetent, he has a legitimate right to',argue,-7.910696506500244
161,'In the best part of the movie, the hero has to impersonate the',criminal,-4.9534454345703125
162,'The princess wore a',hat,-5.204378128051758
163,'Jason was disappointed when the other scouts scared off the elk by loudly beating the',pans,-8.855992317199707
164,'After the flood, the house smelled of mildew and everything in it was',destroyed,-5.012468338012695
165,'Everyone on the scene gathered around to look at the',crash,-5.33430290222168
166,'The final score of the game was',even,-6.732587814331055
167,'After swimming the English Channel, Bonita was cold and completely',beat,-7.337574481964111
168,'She had the data to back up everything she said, so the hostile questions did not shake her',composure,-5.604160299539217
169,'The new dress was very pretty, but it was cut from an unusual',material,-1.8927637338638306
170,'When the little girl saw the big dog lumbering towards her, she began to',flee,-6.645755290985107
171,'From her house a half mile away, Diana could still hear the loud cheers coming from the',stands,-2.958787441253662
172,'Five ships did not survive the',tsunami,-5.644552230834961
173,'The paramedics on the scene helped the passengers after the big car',wreck,-3.9692113399505615
174,'The pilot spoke to an air traffic controller just before the',collision,-4.821994781494141
175,'The boy scouts started a long hike through the forest after having a big',dinner,-2.7301676273345947
176,'When traveling, Roger prefers to stick to major',streets,-4.752651214599609
177,'While hemming a pair of pants, Bridget accidentally dropped her',pin,-6.4716572761535645
178,'The rangers say that somewhere in the state park is a',cub,-8.368061065673828
179,'The doctor told him his headaches were due to',tension,-3.6891872882843018
180,'The groups in the parade walked by slowly, each waving their',arms,-2.8378279209136963
181,'The little girl was very sick, but unfortunately there was no',remedy,-4.749083042144775
182,'The meteor shower should have been spectacular, but the city lights blocked the',sight,-5.014116287231445
183,'She was unsure how the book would',conclude,-7.837264060974121
184,'He was desperate for a job, so finally took something doing door to door',solicitation,-9.143997192382812
185,'The young doctor wanted to work in the barrio so she set to work learning the Spanish translations of common medical',words,-2.8047573566436768
186,'Even though she was blindfolded, Jessie could tell from their voices that one of the kidnapers was old and two were',older,-6.430130481719971
187,'In the window, they posted the hours they were open for',service,-3.852174758911133
188,'They sent the kids with measles home from school because they were',infectious,-7.227625370025635
189,'Outside, Cora could hear the running',river,-5.801689624786377
190,'At night they often took a short',stroll,-3.3984062671661377
191,'The wealthy author always points out that she wrote four novels before one was',printed,-6.01908540725708
192,'The kitten waited patiently because behind the refrigerator was a',rat,-7.616162300109863
193,'Norton hates getting up on winter mornings because it is always',chilly,-6.150325775146484
194,'The fertilizer enriched the',dirt,-6.635187149047852
195,'The young girl passed her friend a',letter,-3.7258737087249756
196,'He tinkered with the engine every weekend until it was absolutely',correct,-7.086172580718994
197,'When Diane heard the shark warning, she swam as fast as she could for',land,-5.831289768218994
198,'Michael could hear the bells ringing in the tower of the',cathedral,-2.6431143283843994
199,'When he got home from work on the construction site, his clothes were always',filthy,-3.70082950592041
200,'Kevin propped his head up with a pillow as he basked in the hot',lamp,-9.877314567565918
201,'He bought it without even asking the',cost,-5.7331671714782715
202,'Barry has considered proposing to his girlfriend, but he wants to wait until he is',prepared,-6.181451797485352
203,'John was disappointed to discover a scratch on his new',truck,-4.912196159362793
204,'He was afraid that doing drugs would damage his',mind,-3.848562717437744
205,'They've been living together for a long time, but don't think they're actually',engaged,-3.6762967109680176
206,'Dennis the Menance was known for making',mischief,-7.36374044418335
207,'When the shooting started they ran for',shelter,-4.437424659729004
208,'The federal agents examined the hundred dollar bill with a microscope to see if it was',genuine,-2.6735191345214844
209,'Eva turned down the heat and left the sauce on the stove to',cook,-2.406134843826294
210,'Alone in the canyon, he was so spooked he was scared by his own',reflection,-2.5743579864501953
211,'Betsy could never tell a',fib,-4.906122207641602
212,'The bad boy was sent to his',bedroom,-4.632361888885498
213,'The Vietnam vet had received the Purple Heart, and when he took off his shirt you could see all of his',wounds,-2.617776393890381
214,'Trying to evade their captors, the escaped prisoners of war lived in constant',terror,-2.442659854888916
215,'The tip of the knife was',pointed,-4.572888374328613
216,'The little girl pulled on the rubber band to see how far it would',extend,-4.884457588195801
217,'The soldiers had special night vision goggles so they could see the',invaders,-6.761666774749756
218,'George was born into a wealthy family and has no idea what it's like to be',needy,-7.824435234069824
219,'Looking for bats, Karen descended into the depths of the',cavern,-4.176334381103516
220,'We finally got a decent picture on the TV after an hour of adjusting the',wires,-6.132124423980713
221,'It took a week to get his car fixed because the parts were out of',supply,-6.215519905090332
222,'The dispute was settled by a third',person,-3.560678243637085
223,'Our guests should be arriving',shortly,-3.3531880378723145
224,'The dough was put in the hot',stove,-5.828238487243652
225,'Andrew was glad that the meeting was very',brief,-1.8854467868804932
226,'When they came to Florida, Arthur couldn't see the swamp from the back of the crowded tour',van,-4.0145721435546875
227,'Most shark attacks occur very close to',land,-3.8144118785858154
228,'He didn't have to spend much money on the car because he found an incredible',bargain,-2.9867780208587646
229,'The wealthy child went to a private',college,-4.434000015258789
230,'When you go to bed, turn off the',lamp,-5.171758651733398
231,'George must keep his pet on a',chain,-3.413057804107666
232,'He didn't have time to file everything on his desk, so he organized it into two',stacks,-2.9243288040161133
233,'The whole town came to hear their mayor',talk,-3.2354331016540527
234,'Josie found she could not bend the elbow of her broken',limb,-5.210755825042725
235,'It's hard to admit when one is',incorrect,-6.238118648529053
236,'Vic asked her to repeat what she had',uttered,-8.444662094116211
237,'When they were in London they visited Buckingham',castle,-9.117854118347168
238,'The agent was sent to South America on a secret',assignment,-3.7560572624206543
239,'Sam knew that rain was coming because he could smell it in the',wind,-4.387049674987793
240,'His boss refused to give him a',bonus,-4.717130184173584
241,'She flew in late last night and really didn't get much',rest,-2.2713351249694824
242,'After a week, they gave up on the missing hikers and called off the',hunt,-4.302623271942139
243,'Henry was surprised to find he wouldn't be promoted for his day to day performance, but needed a major',project,-3.7813587188720703
244,'The cigar burned a hole in the',jacket,-6.836058616638184
245,'His first film was a failure, but he learned some techniques in that first',role,-4.705780506134033
246,'He was hired for the job because of his fresh new',ideas,-1.581399917602539
247,'The journal issue that has the new article about diseases of the eye is still in',stores,-10.451386451721191
248,'Every spring they held the annual',meeting,-3.9875032901763916
249,'Penelope started to assemble her new bicycle, but was missing the',instructions,-7.428438186645508
250,'The restaurant will reopen with new',menus,-2.609037399291992
251,'Jennifer disliked walking under the trees at the edge of the park because they were always full of',sap,-6.4586663246154785
252,'The painting had a strong impact on everyone, but they couldn't agree on whether it was ugly or',abstract,-9.268007278442383
253,'I don't know why people like to see their initials in',cement,-9.61443042755127
254,'The gem cutter examined the ruby very closely before cutting because he knew that one this large was very',fragile,-3.552854061126709
255,'They couldn't decide whether to visit the Roman fort or the ruins of Aphrodite's',statue,-6.725515842437744
256,'He took a job training dogs for the',disabled,-6.798826217651367
257,'The conductor gave detailed instructions to the',engineer,-7.263699054718018
258,'Down in the basement, Steve and Robert were playing',music,-5.645696640014648
259,'After the most recent price increase, the small business owner decided to order his office supplies from another',country,-8.741578102111816
260,'Sharon was sad that she had lost her',keys,-6.216621398925781
261,'All of armed services will admit women, but females are barred from',ships,-8.543167114257812
262,'After the divorce, she had to move out of the expensive house to an apartment that was',ugly,-9.311914443969727
263,'His tactics usually turned out to be beneficial for the business, but they often came in conflict with his',marriage,-8.282096862792969
264,'Some of his jokes were crummy, but those one-liners were',terrible,-8.642901420593262
265,'The inspector from the health department found a roach in a very expensive',meal,-6.818603515625
266,'The conductor had no idea that the train had been boarded by a known',politician,-10.635997772216797
267,'The nurse brought him a glass of juice and his',pillow,-7.497692108154297
268,'The teacher was not looking forward to another year of',chaos,-7.011429786682129
269,'Steve skipped his annual checkup for another',event,-7.981258869171143
270,'The candidate wanted to please everyone without making any commitments, so his speech was deliberately',short,-3.3930130004882812
271,'She poured water on the',dishes,-7.616121292114258
272,'Mark liked the older houses, but Susan wanted to buy one that was new and',expensive,-5.8919758796691895
273,'In an old sitcom, he was the wise family',neighbor,-6.086167812347412
274,'The government controlled the news media, so most of the reports from the war zone were',wrong,-7.882617950439453
275,'Grinning wherever he went, it was easy to tell that Carl was proud of his new gold',tooth,-2.5153298377990723
276,'During the summer, the children hung out at the',theatre,-8.806412696838379
277,'The handsome knight charged into the dark forest after the kidnapped princess, determined to prove that he could be',king,-6.408522605895996
278,'The little girl kept a lock on her',bicycle,-6.510313987731934
279,'Flying low above her, Bernice could hear the',bees,-8.039909362792969
280,'Perry heard a grinding noise coming from his',jaw,-7.470603942871094
281,'If Jim's manager is incompetent, he has a legitimate right to',leave,-4.870214939117432
282,'In the best part of the movie, the hero has to impersonate the',princess,-6.437796592712402
283,'The princess wore a',gown,-4.358698844909668
284,'Jason was disappointed when the other scouts scared off the elk by loudly beating the',bushes,-1.5489943027496338
285,'After the flood, the house smelled of mildew and everything in it was',damp,-2.3814735412597656
286,'Everyone on the scene gathered around to look at the',celebrity,-10.42557144165039
287,'The final score of the game was',posted,-7.328098297119141
288,'After swimming the English Channel, Bonita was cold and completely',blue,-7.965287685394287
289,'She had the data to back up everything she said, so the hostile questions did not shake her',opinion,-7.395928382873535
290,'The new dress was very pretty, but it was cut from an unusual',pattern,-3.682234287261963
291,'When the little girl saw the big dog lumbering towards her, she began to',smile,-7.329432964324951
292,'From her house a half mile away, Diana could still hear the loud cheers coming from the',parade,-5.931054592132568
293,'Five ships did not survive the',battle,-3.0852861404418945
294,'The paramedics on the scene helped the passengers after the big car',exploded,-5.80549430847168
295,'The pilot spoke to an air traffic controller just before the',takeoff,-6.237877637147903
296,'The boy scouts started a long hike through the forest after having a big',meeting,-3.9904444217681885
297,'When traveling, Roger prefers to stick to major',airlines,-3.5541021823883057
298,'While hemming a pair of pants, Bridget accidentally dropped her',glasses,-6.675388813018799
299,'The rangers say that somewhere in the state park is a',mine,-6.989810466766357
300,'The doctor told him his headaches were due to',tumors,-7.805402755737305
301,'The groups in the parade walked by slowly, each waving their',banners,-3.0561258792877197
302,'The little girl was very sick, but unfortunately there was no',hospital,-4.377308368682861
303,'The meteor shower should have been spectacular, but the city lights blocked the',sky,-3.064239501953125
304,'She was unsure how the book would',sell,-3.788090705871582
305,'He was desperate for a job, so finally took something doing door to door',delivery,-4.978785037994385
306,'The young doctor wanted to work in the barrio so she set to work learning the Spanish translations of common medical',procedures,-3.1629650592803955
307,'Even though she was blindfolded, Jessie could tell from their voices that one of the kidnapers was old and two were',female,-6.127478122711182
308,'In the window, they posted the hours they were open for',today,-7.346223831176758
309,'They sent the kids with measles home from school because they were',scratching,-8.921075820922852
310,'Outside, Cora could hear the running',horses,-6.396754741668701
311,'At night they often took a short',swim,-4.124781608581543
312,'The wealthy author always points out that she wrote four novels before one was',banned,-8.446907043457031
313,'The kitten waited patiently because behind the refrigerator was a',ball,-6.876147270202637
314,'Norton hates getting up on winter mornings because it is always',dark,-3.5939369201660156
315,'The fertilizer enriched the',plants,-3.605031728744507
316,'The young girl passed her friend a',doll,-6.732617378234863
317,'He tinkered with the engine every weekend until it was absolutely',ruined,-8.12624740600586
318,'When Diane heard the shark warning, she swam as fast as she could for',safety,-3.6961779594421387
319,'Michael could hear the bells ringing in the tower of the',castle,-4.442560195922852
320,'When he got home from work on the construction site, his clothes were always',torn,-4.329310417175293
321,'Kevin propped his head up with a pillow as he basked in the hot',tub,-1.9892675876617432
322,'He bought it without even asking the',boss,-5.771091938018799
323,'Barry has considered proposing to his girlfriend, but he wants to wait until he is',older,-4.070524215698242
324,'John was disappointed to discover a scratch on his new',watch,-4.9858598709106445
325,'He was afraid that doing drugs would damage his',reputation,-2.983248233795166
326,'They've been living together for a long time, but don't think they're actually',happy,-5.675110340118408
327,'Dennis the Menance was known for making',jokes,-5.618458271026611
328,'When the shooting started they ran for',help,-5.7027482986450195
329,'The federal agents examined the hundred dollar bill with a microscope to see if it was',contaminated,-6.41622257232666
330,'Eva turned down the heat and left the sauce on the stove to',cool,-1.5163929462432861
331,'Alone in the canyon, he was so spooked he was scared by his own',horse,-7.32857608795166
332,'Betsy could never tell a',joke,-2.8553273677825928
333,'The bad boy was sent to his',principal,-9.960406303405762
334,'The Vietnam vet had received the Purple Heart, and when he took off his shirt you could see all of his',tattoos,-5.208427906036377
335,'Trying to evade their captors, the escaped prisoners of war lived in constant',hiding,-7.594067096710205
336,'The tip of the knife was',broken,-7.361231803894043
337,'The little girl pulled on the rubber band to see how far it would',fly,-4.707585334777832
338,'The soldiers had special night vision goggles so they could see the',camp,-6.283318042755127
339,'George was born into a wealthy family and has no idea what it's like to be',hungry,-3.6800191402435303
340,'Looking for bats, Karen descended into the depths of the',castle,-5.902325630187988
341,'We finally got a decent picture on the TV after an hour of adjusting the',contrast,-5.709059238433838
342,'It took a week to get his car fixed because the parts were out of',state,-3.394721031188965
343,'The dispute was settled by a third',vote,-9.261262893676758
344,'Our guests should be arriving',separately,-8.349743843078613
345,'The dough was put in the hot',grease,-6.190238952636719
346,'Andrew was glad that the meeting was very',productive,-3.175832986831665
347,'When they came to Florida, Arthur couldn't see the swamp from the back of the crowded tour',group,-7.07130241394043
348,'Most shark attacks occur very close to',dusk,-13.159485816955566
349,'He didn't have to spend much money on the car because he found an incredible',mechanic,-8.19357967376709
350,'The wealthy child went to a private',hospital,-4.053998947143555
351,'When you go to bed, turn off the',stereo,-8.151089668273926
352,'George must keep his pet on a',diet,-4.324583530426025
353,'He didn't have time to file everything on his desk, so he organized it into two',boxes,-3.766476631164551
354,'The whole town came to hear their mayor',resign,-7.9872727394104
355,'Josie found she could not bend the elbow of her broken',doll,-8.609883308410645
356,'It's hard to admit when one is',lonely,-9.295921325683594
357,'Vic asked her to repeat what she had',heard,-4.233434677124023
358,'When they were in London they visited Buckingham',twice,-15.283821105957031
359,'The agent was sent to South America on a secret',jet,-11.639471054077148
360,'Sam knew that rain was coming because he could smell it in the',morning,-4.16744327545166
361,'His boss refused to give him a',vacation,-5.081639766693115
362,'She flew in late last night and really didn't get much',dinner,-8.360774993896484
363,'After a week, they gave up on the missing hikers and called off the',helicopters,-9.708264350891113
364,'Henry was surprised to find he wouldn't be promoted for his day to day performance, but needed a major',pillow,-13.963301658630371
365,'The cigar burned a hole in the',chaos,-13.63808536529541
366,'His first film was a failure, but he learned some techniques in that first',umbrella,-15.984151840209961
367,'He was hired for the job because of his fresh new',autumn,-12.075970649719238
368,'The journal issue that has the new article about diseases of the eye is still in',treason,-18.155391693115234
369,'Every spring they held the annual',disorder,-14.692858695983887
370,'Penelope started to assemble her new bicycle, but was missing the',king,-9.799371719360352
371,'The restaurant will reopen with new',treason,-19.952619552612305
372,'Jennifer disliked walking under the trees at the edge of the park because they were always full of',weekends,-14.52336311340332
373,'The painting had a strong impact on everyone, but they couldn't agree on whether it was ugly or',allergic,-16.535099029541016
374,'I don't know why people like to see their initials in',dusk,-14.862374305725098
375,'The gem cutter examined the ruby very closely before cutting because he knew that one this large was very',disqualified,-18.091434478759766
376,'They couldn't decide whether to visit the Roman fort or the ruins of Aphrodite's',bicycle,-17.21855354309082
377,'He took a job training dogs for the',blankets,-16.286922454833984
378,'The conductor gave detailed instructions to the',dishes,-14.023707389831543
379,'Down in the basement, Steve and Robert were playing',banners,-16.674095153808594
380,'After the most recent price increase, the small business owner decided to order his office supplies from another',gown,-18.012880325317383
381,'Sharon was sad that she had lost her',takeoff,-15.733159065246582
382,'All of armed services will admit women, but females are barred from',metal,-11.633584976196289
383,'After the divorce, she had to move out of the expensive house to an apartment that was',fired,-13.47378921508789
384,'His tactics usually turned out to be beneficial for the business, but they often came in conflict with his',ditch,-16.32042694091797
385,'Some of his jokes were crummy, but those one-liners were',torn,-11.869147300720215
386,'The inspector from the health department found a roach in a very expensive',speech,-12.008099555969238
387,'The conductor had no idea that the train had been boarded by a known',bottle,-11.078792572021484
388,'The nurse brought him a glass of juice and his',taxis,-17.040002822875977
389,'The teacher was not looking forward to another year of',cargo,-14.461591720581055
390,'Steve skipped his annual checkup for another',forest,-11.776211738586426
391,'The candidate wanted to please everyone without making any commitments, so his speech was deliberately',endangered,-15.299660682678223
392,'She poured water on the',takeoff,-15.555141925811768
393,'Mark liked the older houses, but Susan wanted to buy one that was new and',embarrassed,-16.46183967590332
394,'In an old sitcom, he was the wise family',highway,-16.740436553955078
395,'The government controlled the news media, so most of the reports from the war zone were',hungry,-15.387313842773438
396,'Grinning wherever he went, it was easy to tell that Carl was proud of his new gold',pedestrians,-17.947376251220703
397,'During the summer, the children hung out at the',gown,-15.711453437805176
398,'The handsome knight charged into the dark forest after the kidnapped princess, determined to prove that he could be',chilly,-19.017715454101562
399,'The little girl kept a lock on her',cement,-11.869399070739746
400,'Flying low above her, Bernice could hear the',arena,-13.04653549194336
401,'Perry heard a grinding noise coming from his',cure,-14.903759002685547
402,'If Jim's manager is incompetent, he has a legitimate right to',water,-12.467511177062988
403,'In the best part of the movie, the hero has to impersonate the',business,-8.359049797058105
404,'The princess wore a',sound,-12.763197898864746
405,'Jason was disappointed when the other scouts scared off the elk by loudly beating the',diamond,-13.359416961669922
406,'After the flood, the house smelled of mildew and everything in it was',young,-13.417726516723633
407,'Everyone on the scene gathered around to look at the',temper,-13.771265983581543
408,'The final score of the game was',bugs,-17.59775733947754
409,'After swimming the English Channel, Bonita was cold and completely',affordable,-16.729732513427734
410,'She had the data to back up everything she said, so the hostile questions did not shake her',music,-14.68946647644043
411,'The new dress was very pretty, but it was cut from an unusual',porch,-14.762288093566895
412,'When the little girl saw the big dog lumbering towards her, she began to',attend,-13.593327522277832
413,'From her house a half mile away, Diana could still hear the loud cheers coming from the',mistakes,-16.33924674987793
414,'Five ships did not survive the',eyes,-11.415633201599121
415,'The paramedics on the scene helped the passengers after the big car',rest,-12.576982498168945
416,'The pilot spoke to an air traffic controller just before the',fortune,-14.467042922973633
417,'The boy scouts started a long hike through the forest after having a big',end,-9.537664413452148
418,'When traveling, Roger prefers to stick to major',plants,-11.963215827941895
419,'While hemming a pair of pants, Bridget accidentally dropped her',horse,-10.298454284667969
420,'The rangers say that somewhere in the state park is a',contrast,-15.71397590637207
421,'The doctor told him his headaches were due to',safety,-13.779356002807617
422,'The groups in the parade walked by slowly, each waving their',jokes,-14.280046463012695
423,'The little girl was very sick, but unfortunately there was no',joke,-12.126909255981445
424,'The meteor shower should have been spectacular, but the city lights blocked the',doll,-17.683401107788086
425,'She was unsure how the book would',camp,-13.170527458190918
426,'He was desperate for a job, so finally took something doing door to door',hiding,-14.673267364501953
427,'The young doctor wanted to work in the barrio so she set to work learning the Spanish translations of common medical',pedestrians,-20.863697052001953
428,'Even though she was blindfolded, Jessie could tell from their voices that one of the kidnapers was old and two were',bullets,-15.54361343383789
429,'In the window, they posted the hours they were open for',texture,-16.336978912353516
430,'They sent the kids with measles home from school because they were',hard,-9.674379348754883
431,'Outside, Cora could hear the running',chapel,-14.767135620117188
432,'At night they often took a short',reputation,-14.751748085021973
433,'The wealthy author always points out that she wrote four novels before one was',hungry,-14.62414836883545
434,'The kitten waited patiently because behind the refrigerator was a',savior,-12.994867324829102
435,'Norton hates getting up on winter mornings because it is always',broken,-11.293181419372559
436,'The fertilizer enriched the',legs,-9.551475524902344
437,'The young girl passed her friend a',mechanic,-13.486303329467773
438,'He tinkered with the engine every weekend until it was absolutely',forgiven,-13.444133758544922
439,'When Diane heard the shark warning, she swam as fast as she could for',relaxing,-15.650823593139648
440,'Michael could hear the bells ringing in the tower of the',deer,-13.69856071472168
441,'When he got home from work on the construction site, his clothes were always',sick,-11.385431289672852
442,'Kevin propped his head up with a pillow as he basked in the hot',size,-14.557744979858398
443,'He bought it without even asking the',helicopters,-14.808134078979492
444,'Barry has considered proposing to his girlfriend, but he wants to wait until he is',flooded,-14.400392532348633
445,'John was disappointed to discover a scratch on his new',taxes,-14.664575576782227
446,'He was afraid that doing drugs would damage his',fever,-13.953702926635742
447,'They've been living together for a long time, but don't think they're actually',people,-9.981032371520996
448,'Dennis the Menance was known for making',apples,-9.040895462036133
449,'When the shooting started they ran for',convenience,-12.402395248413086
450,'The federal agents examined the hundred dollar bill with a microscope to see if it was',quiet,-14.509256362915039
451,'Eva turned down the heat and left the sauce on the stove to',state,-12.502239227294922
452,'Alone in the canyon, he was so spooked he was scared by his own',hospital,-14.125995635986328
453,'Betsy could never tell a',ditch,-15.450425148010254
454,'The bad boy was sent to his',dusk,-15.258411407470703
455,'The Vietnam vet had received the Purple Heart, and when he took off his shirt you could see all of his',boxes,-12.300994873046875
456,'Trying to evade their captors, the escaped prisoners of war lived in constant',size,-17.04802131652832
457,'The tip of the knife was',chatting,-13.755986213684082
458,'The little girl pulled on the rubber band to see how far it would',yell,-13.241312026977539
459,'The soldiers had special night vision goggles so they could see the',temper,-14.615049362182617
460,'George was born into a wealthy family and has no idea what it's like to be',pointed,-14.861822128295898
461,'Looking for bats, Karen descended into the depths of the',doll,-10.1131010055542
462,'We finally got a decent picture on the TV after an hour of adjusting the',ceremonies,-18.706382751464844
463,'It took a week to get his car fixed because the parts were out of',bread,-15.165593147277832
464,'The dispute was settled by a third',lifestyle,-14.99155044555664
465,'Our guests should be arriving',disabled,-16.66084098815918
466,'The dough was put in the hot',project,-13.354016304016113
467,'Andrew was glad that the meeting was very',pale,-13.52414608001709
468,'When they came to Florida, Arthur couldn't see the swamp from the back of the crowded tour',puppy,-16.85930824279785
469,'Most shark attacks occur very close to',ideas,-17.817935943603516
470,'He didn't have to spend much money on the car because he found an incredible',stream,-11.91539192199707
471,'The wealthy child went to a private',material,-13.777164459228516
472,'When you go to bed, turn off the',stores,-13.62492847442627
473,'George must keep his pet on a',meeting,-13.258048057556152
474,'He didn't have time to file everything on his desk, so he organized it into two',cartoons,-12.497604370117188
475,'The whole town came to hear their mayor',scratch,-12.286237716674805
476,'Josie found she could not bend the elbow of her broken',absence,-17.07286262512207
477,'It's hard to admit when one is',screened,-14.76887321472168
478,'Vic asked her to repeat what she had',vanished,-14.813408851623535
479,'When they were in London they visited Buckingham',bait,-19.946622848510742
480,'The agent was sent to South America on a secret',cow,-15.53659439086914
481,'Sam knew that rain was coming because he could smell it in the',robbery,-18.135343551635742
482,'His boss refused to give him a',cliff,-13.932899475097656
483,'She flew in late last night and really didn't get much',music,-13.20257568359375
484,'After a week, they gave up on the missing hikers and called off the',boss,-14.266907691955566
485,'The salesman made the mistake of talking down to Jane because he thought she was',stupid,-1.6253883838653564
486,'Water was leaking out from the hole in the',ceiling,-2.6622424125671387
487,'Rushing out, he forgot to take his',coat,-3.8922526836395264
488,'At that time, the boys lived down by the river in a',shack,-5.323703765869141
489,'The salesman made the mistake of talking down to Jane because he thought she was',dumb,-2.8076679706573486
490,'Water was leaking out from the hole in the',roof,-1.5536704063415527
491,'Rushing out, he forgot to take his',jacket,-4.030871391296387
492,'At that time, the boys lived down by the river in a',hut,-3.6266767978668213
493,'The salesman made the mistake of talking down to Jane because he thought she was',poor,-7.042189598083496
494,'Water was leaking out from the hole in the',balloon,-8.830516815185547
495,'Rushing out, he forgot to take his',umbrella,-4.672732353210449
496,'At that time, the boys lived down by the river in a',van,-10.116847038269043
497,'The salesman made the mistake of talking down to Jane because he thought she was',abstract,-15.019913673400879
498,'Water was leaking out from the hole in the',reward,-14.627666473388672
499,'Rushing out, he forgot to take his',country,-10.729146003723145
500,'At that time, the boys lived down by the river in a',letter,-13.60520076751709
